snapshot_date,season,team_id,abbrev,team_name,W,L,W-L%
2026-04-27,2026,108,LAA,Los Angeles Angels,12,18,0.4
2026-04-27,2026,109,ARI,Arizona Diamondbacks,15,12,0.556
2026-04-27,2026,110,BAL,Baltimore Orioles,13,15,0.464
2026-04-27,2026,111,BOS,Boston Red Sox,12,17,0.414
2026-04-27,2026,112,CHC,Chicago Cubs,17,12,0.586
2026-04-27,2026,113,CIN,Cincinnati Reds,18,10,0.643
2026-04-27,2026,114,CLE,Cleveland Guardians,15,15,0.5
2026-04-27,2026,115,COL,Colorado Rockies,13,16,0.448
2026-04-27,2026,116,DET,Detroit Tigers,15,14,0.517
2026-04-27,2026,117,HOU,Houston Astros,11,18,0.379
2026-04-27,2026,118,KC,Kansas City Royals,11,17,0.393
2026-04-27,2026,119,LAD,Los Angeles Dodgers,20,9,0.69
2026-04-27,2026,120,WSH,Washington Nationals,13,16,0.448
2026-04-27,2026,121,NYM,New York Mets,9,19,0.321
2026-04-27,2026,133,OAK,Athletics,15,13,0.536
2026-04-27,2026,134,PIT,Pittsburgh Pirates,16,13,0.552
2026-04-27,2026,135,SD,San Diego Padres,19,9,0.679
2026-04-27,2026,136,SEA,Seattle Mariners,14,16,0.467
2026-04-27,2026,137,SF,San Francisco Giants,13,15,0.464
2026-04-27,2026,138,STL,St. Louis Cardinals,15,13,0.536
2026-04-27,2026,139,TB,Tampa Bay Rays,17,11,0.607
2026-04-27,2026,140,TEX,Texas Rangers,14,15,0.483
2026-04-27,2026,141,TOR,Toronto Blue Jays,12,16,0.429
2026-04-27,2026,142,MIN,Minnesota Twins,13,16,0.448
2026-04-27,2026,143,PHI,Philadelphia Phillies,9,19,0.321
2026-04-27,2026,144,ATL,Atlanta Braves,20,9,0.69
2026-04-27,2026,145,CWS,Chicago White Sox,12,17,0.414
2026-04-27,2026,146,MIA,Miami Marlins,13,16,0.448
2026-04-27,2026,147,NYY,New York Yankees,19,10,0.655
2026-04-27,2026,158,MIL,Milwaukee Brewers,14,13,0.519
2026-04-28,2026,108,LAA,Los Angeles Angels,12,19,0.387
2026-04-28,2026,109,ARI,Arizona Diamondbacks,15,13,0.536
2026-04-28,2026,110,BAL,Baltimore Orioles,14,15,0.483
2026-04-28,2026,111,BOS,Boston Red Sox,12,18,0.4
2026-04-28,2026,112,CHC,Chicago Cubs,18,12,0.6
2026-04-28,2026,113,CIN,Cincinnati Reds,19,10,0.655
2026-04-28,2026,114,CLE,Cleveland Guardians,15,16,0.484
2026-04-28,2026,115,COL,Colorado Rockies,13,17,0.433
2026-04-28,2026,116,DET,Detroit Tigers,15,15,0.5
2026-04-28,2026,117,HOU,Houston Astros,11,19,0.367
2026-04-28,2026,118,KC,Kansas City Royals,12,17,0.414
2026-04-28,2026,119,LAD,Los Angeles Dodgers,20,10,0.667
2026-04-28,2026,120,WSH,Washington Nationals,13,17,0.433
2026-04-28,2026,121,NYM,New York Mets,10,19,0.345
2026-04-28,2026,133,OAK,Athletics,15,14,0.517
2026-04-28,2026,134,PIT,Pittsburgh Pirates,16,14,0.533
2026-04-28,2026,135,SD,San Diego Padres,19,10,0.655
2026-04-28,2026,136,SEA,Seattle Mariners,15,16,0.484
2026-04-28,2026,137,SF,San Francisco Giants,13,16,0.448
2026-04-28,2026,138,STL,St. Louis Cardinals,16,13,0.552
2026-04-28,2026,139,TB,Tampa Bay Rays,18,11,0.621
2026-04-28,2026,140,TEX,Texas Rangers,14,16,0.467
2026-04-28,2026,141,TOR,Toronto Blue Jays,13,16,0.448
2026-04-28,2026,142,MIN,Minnesota Twins,13,17,0.433
2026-04-28,2026,143,PHI,Philadelphia Phillies,10,19,0.345
2026-04-28,2026,144,ATL,Atlanta Braves,21,9,0.7
2026-04-28,2026,145,CWS,Chicago White Sox,13,17,0.433
2026-04-28,2026,146,MIA,Miami Marlins,14,16,0.467
2026-04-28,2026,147,NYY,New York Yankees,20,10,0.667
2026-04-28,2026,158,MIL,Milwaukee Brewers,15,13,0.536
2026-04-29,2026,108,LAA,Los Angeles Angels,12,20,0.375
2026-04-29,2026,109,ARI,Arizona Diamondbacks,16,13,0.552
2026-04-29,2026,110,BAL,Baltimore Orioles,14,15,0.483
2026-04-29,2026,111,BOS,Boston Red Sox,12,19,0.387
2026-04-29,2026,112,CHC,Chicago Cubs,19,12,0.613
2026-04-29,2026,113,CIN,Cincinnati Reds,19,11,0.633
2026-04-29,2026,114,CLE,Cleveland Guardians,16,16,0.5
2026-04-29,2026,115,COL,Colorado Rockies,14,17,0.452
2026-04-29,2026,116,DET,Detroit Tigers,15,16,0.484
2026-04-29,2026,117,HOU,Houston Astros,11,19,0.367
2026-04-29,2026,118,KC,Kansas City Royals,12,18,0.4
2026-04-29,2026,119,LAD,Los Angeles Dodgers,20,11,0.645
2026-04-29,2026,120,WSH,Washington Nationals,14,17,0.452
2026-04-29,2026,121,NYM,New York Mets,10,20,0.333
2026-04-29,2026,133,OAK,Athletics,16,14,0.533
2026-04-29,2026,134,PIT,Pittsburgh Pirates,16,15,0.516
2026-04-29,2026,135,SD,San Diego Padres,19,11,0.633
2026-04-29,2026,136,SEA,Seattle Mariners,16,16,0.5
2026-04-29,2026,137,SF,San Francisco Giants,13,16,0.448
2026-04-29,2026,138,STL,St. Louis Cardinals,17,13,0.567
2026-04-29,2026,139,TB,Tampa Bay Rays,18,12,0.6
2026-04-29,2026,140,TEX,Texas Rangers,15,16,0.484
2026-04-29,2026,141,TOR,Toronto Blue Jays,14,16,0.467
2026-04-29,2026,142,MIN,Minnesota Twins,13,18,0.419
2026-04-29,2026,143,PHI,Philadelphia Phillies,10,19,0.345
2026-04-29,2026,144,ATL,Atlanta Braves,22,9,0.71
2026-04-29,2026,145,CWS,Chicago White Sox,14,17,0.452
2026-04-29,2026,146,MIA,Miami Marlins,15,16,0.484
2026-04-29,2026,147,NYY,New York Yankees,20,11,0.645
2026-04-29,2026,158,MIL,Milwaukee Brewers,15,14,0.517
2026-04-30,2026,108,LAA,Los Angeles Angels,12,20,0.375
2026-04-30,2026,109,ARI,Arizona Diamondbacks,16,14,0.533
2026-04-30,2026,110,BAL,Baltimore Orioles,15,16,0.484
2026-04-30,2026,111,BOS,Boston Red Sox,12,19,0.387
2026-04-30,2026,112,CHC,Chicago Cubs,19,12,0.613
2026-04-30,2026,113,CIN,Cincinnati Reds,20,11,0.645
2026-04-30,2026,114,CLE,Cleveland Guardians,16,16,0.5
2026-04-30,2026,115,COL,Colorado Rockies,14,18,0.438
2026-04-30,2026,116,DET,Detroit Tigers,16,16,0.5
2026-04-30,2026,117,HOU,Houston Astros,12,20,0.375
2026-04-30,2026,118,KC,Kansas City Royals,12,19,0.387
2026-04-30,2026,119,LAD,Los Angeles Dodgers,20,11,0.645
2026-04-30,2026,120,WSH,Washington Nationals,15,17,0.469
2026-04-30,2026,121,NYM,New York Mets,10,21,0.323
2026-04-30,2026,133,OAK,Athletics,17,14,0.548
2026-04-30,2026,134,PIT,Pittsburgh Pirates,16,16,0.5
2026-04-30,2026,135,SD,San Diego Padres,19,11,0.633
2026-04-30,2026,136,SEA,Seattle Mariners,16,16,0.5
2026-04-30,2026,137,SF,San Francisco Giants,13,18,0.419
2026-04-30,2026,138,STL,St. Louis Cardinals,18,13,0.581
2026-04-30,2026,139,TB,Tampa Bay Rays,18,12,0.6
2026-04-30,2026,140,TEX,Texas Rangers,15,16,0.484
2026-04-30,2026,141,TOR,Toronto Blue Jays,14,17,0.452
2026-04-30,2026,142,MIN,Minnesota Twins,14,18,0.438
2026-04-30,2026,143,PHI,Philadelphia Phillies,12,19,0.387
2026-04-30,2026,144,ATL,Atlanta Braves,22,10,0.688
2026-04-30,2026,145,CWS,Chicago White Sox,14,17,0.452
2026-04-30,2026,146,MIA,Miami Marlins,15,16,0.484
2026-04-30,2026,147,NYY,New York Yankees,20,11,0.645
2026-04-30,2026,158,MIL,Milwaukee Brewers,16,14,0.533
2026-05-01,2026,108,LAA,Los Angeles Angels,12,21,0.364
2026-05-01,2026,109,ARI,Arizona Diamondbacks,16,15,0.516
2026-05-01,2026,110,BAL,Baltimore Orioles,15,17,0.469
2026-05-01,2026,111,BOS,Boston Red Sox,13,19,0.406
2026-05-01,2026,112,CHC,Chicago Cubs,20,12,0.625
2026-05-01,2026,113,CIN,Cincinnati Reds,20,12,0.625
2026-05-01,2026,114,CLE,Cleveland Guardians,17,16,0.515
2026-05-01,2026,115,COL,Colorado Rockies,14,19,0.424
2026-05-01,2026,116,DET,Detroit Tigers,16,17,0.485
2026-05-01,2026,117,HOU,Houston Astros,12,21,0.364
2026-05-01,2026,118,KC,Kansas City Royals,13,19,0.406
2026-05-01,2026,119,LAD,Los Angeles Dodgers,20,12,0.625
2026-05-01,2026,120,WSH,Washington Nationals,15,18,0.455
2026-05-01,2026,121,NYM,New York Mets,11,21,0.344
2026-05-01,2026,133,OAK,Athletics,17,15,0.531
2026-05-01,2026,134,PIT,Pittsburgh Pirates,17,16,0.515
2026-05-01,2026,135,SD,San Diego Padres,19,12,0.613
2026-05-01,2026,136,SEA,Seattle Mariners,16,17,0.485
2026-05-01,2026,137,SF,San Francisco Giants,13,19,0.406
2026-05-01,2026,138,STL,St. Louis Cardinals,19,13,0.594
2026-05-01,2026,139,TB,Tampa Bay Rays,19,12,0.613
2026-05-01,2026,140,TEX,Texas Rangers,16,16,0.5
2026-05-01,2026,141,TOR,Toronto Blue Jays,15,17,0.469
2026-05-01,2026,142,MIN,Minnesota Twins,14,19,0.424
2026-05-01,2026,143,PHI,Philadelphia Phillies,13,19,0.406
2026-05-01,2026,144,ATL,Atlanta Braves,23,10,0.697
2026-05-01,2026,145,CWS,Chicago White Sox,15,17,0.469
2026-05-01,2026,146,MIA,Miami Marlins,15,17,0.469
2026-05-01,2026,147,NYY,New York Yankees,21,11,0.656
2026-05-01,2026,158,MIL,Milwaukee Brewers,17,14,0.548
2026-05-02,2026,108,LAA,Los Angeles Angels,13,21,0.382
2026-05-02,2026,109,ARI,Arizona Diamondbacks,16,16,0.5
2026-05-02,2026,110,BAL,Baltimore Orioles,15,18,0.455
2026-05-02,2026,111,BOS,Boston Red Sox,13,20,0.394
2026-05-02,2026,112,CHC,Chicago Cubs,21,12,0.636
2026-05-02,2026,113,CIN,Cincinnati Reds,20,13,0.606
2026-05-02,2026,114,CLE,Cleveland Guardians,18,16,0.529
2026-05-02,2026,115,COL,Colorado Rockies,14,20,0.412
2026-05-02,2026,116,DET,Detroit Tigers,17,17,0.5
2026-05-02,2026,117,HOU,Houston Astros,13,21,0.382
2026-05-02,2026,118,KC,Kansas City Royals,14,19,0.424
2026-05-02,2026,119,LAD,Los Angeles Dodgers,20,13,0.606
2026-05-02,2026,120,WSH,Washington Nationals,15,19,0.441
2026-05-02,2026,121,NYM,New York Mets,11,22,0.333
2026-05-02,2026,133,OAK,Athletics,17,16,0.515
2026-05-02,2026,134,PIT,Pittsburgh Pirates,18,16,0.529
2026-05-02,2026,135,SD,San Diego Padres,19,13,0.594
2026-05-02,2026,136,SEA,Seattle Mariners,16,18,0.471
2026-05-02,2026,137,SF,San Francisco Giants,13,20,0.394
2026-05-02,2026,138,STL,St. Louis Cardinals,20,13,0.606
2026-05-02,2026,139,TB,Tampa Bay Rays,20,12,0.625
2026-05-02,2026,140,TEX,Texas Rangers,16,17,0.485
2026-05-02,2026,141,TOR,Toronto Blue Jays,16,17,0.485
2026-05-02,2026,142,MIN,Minnesota Twins,14,20,0.412
2026-05-02,2026,143,PHI,Philadelphia Phillies,13,20,0.394
2026-05-02,2026,144,ATL,Atlanta Braves,24,10,0.706
2026-05-02,2026,145,CWS,Chicago White Sox,16,17,0.485
2026-05-02,2026,146,MIA,Miami Marlins,16,17,0.485
2026-05-02,2026,147,NYY,New York Yankees,22,11,0.667
2026-05-02,2026,158,MIL,Milwaukee Brewers,18,14,0.563
2026-05-03,2026,108,LAA,Los Angeles Angels,13,22,0.371
2026-05-03,2026,109,ARI,Arizona Diamondbacks,16,17,0.485
2026-05-03,2026,110,BAL,Baltimore Orioles,15,19,0.441
2026-05-03,2026,111,BOS,Boston Red Sox,13,21,0.382
2026-05-03,2026,112,CHC,Chicago Cubs,22,12,0.647
2026-05-03,2026,113,CIN,Cincinnati Reds,20,14,0.588
2026-05-03,2026,114,CLE,Cleveland Guardians,18,17,0.514
2026-05-03,2026,115,COL,Colorado Rockies,14,21,0.4
2026-05-03,2026,116,DET,Detroit Tigers,18,17,0.514
2026-05-03,2026,117,HOU,Houston Astros,14,21,0.4
2026-05-03,2026,118,KC,Kansas City Royals,15,19,0.441
2026-05-03,2026,119,LAD,Los Angeles Dodgers,21,13,0.618
2026-05-03,2026,120,WSH,Washington Nationals,16,19,0.457
2026-05-03,2026,121,NYM,New York Mets,12,22,0.353
2026-05-03,2026,133,OAK,Athletics,18,16,0.529
2026-05-03,2026,134,PIT,Pittsburgh Pirates,19,16,0.543
2026-05-03,2026,135,SD,San Diego Padres,20,13,0.606
2026-05-03,2026,136,SEA,Seattle Mariners,16,19,0.457
2026-05-03,2026,137,SF,San Francisco Giants,13,21,0.382
2026-05-03,2026,138,STL,St. Louis Cardinals,20,14,0.588
2026-05-03,2026,139,TB,Tampa Bay Rays,21,12,0.636
2026-05-03,2026,140,TEX,Texas Rangers,16,18,0.471
2026-05-03,2026,141,TOR,Toronto Blue Jays,16,18,0.471
2026-05-03,2026,142,MIN,Minnesota Twins,15,20,0.429
2026-05-03,2026,143,PHI,Philadelphia Phillies,14,20,0.412
2026-05-03,2026,144,ATL,Atlanta Braves,25,10,0.714
2026-05-03,2026,145,CWS,Chicago White Sox,16,18,0.471
2026-05-03,2026,146,MIA,Miami Marlins,16,18,0.471
2026-05-03,2026,147,NYY,New York Yankees,23,11,0.676
2026-05-03,2026,158,MIL,Milwaukee Brewers,18,15,0.545
2026-05-04,2026,108,LAA,Los Angeles Angels,13,23,0.361
2026-05-04,2026,109,ARI,Arizona Diamondbacks,16,17,0.485
2026-05-04,2026,110,BAL,Baltimore Orioles,15,20,0.429
2026-05-04,2026,111,BOS,Boston Red Sox,14,21,0.4
2026-05-04,2026,112,CHC,Chicago Cubs,23,12,0.657
2026-05-04,2026,113,CIN,Cincinnati Reds,20,15,0.571
2026-05-04,2026,114,CLE,Cleveland Guardians,18,18,0.5
2026-05-04,2026,115,COL,Colorado Rockies,14,22,0.389
2026-05-04,2026,116,DET,Detroit Tigers,18,18,0.5
2026-05-04,2026,117,HOU,Houston Astros,14,22,0.389
2026-05-04,2026,118,KC,Kansas City Royals,16,19,0.457
2026-05-04,2026,119,LAD,Los Angeles Dodgers,22,13,0.629
2026-05-04,2026,120,WSH,Washington Nationals,16,19,0.457
2026-05-04,2026,121,NYM,New York Mets,13,22,0.371
2026-05-04,2026,133,OAK,Athletics,18,16,0.529
2026-05-04,2026,134,PIT,Pittsburgh Pirates,19,16,0.543
2026-05-04,2026,135,SD,San Diego Padres,20,14,0.588
2026-05-04,2026,136,SEA,Seattle Mariners,17,19,0.472
2026-05-04,2026,137,SF,San Francisco Giants,14,21,0.4
2026-05-04,2026,138,STL,St. Louis Cardinals,21,14,0.6
2026-05-04,2026,139,TB,Tampa Bay Rays,22,12,0.647
2026-05-04,2026,140,TEX,Texas Rangers,16,18,0.471
2026-05-04,2026,141,TOR,Toronto Blue Jays,16,19,0.457
2026-05-04,2026,142,MIN,Minnesota Twins,15,20,0.429
2026-05-04,2026,143,PHI,Philadelphia Phillies,15,20,0.429
2026-05-04,2026,144,ATL,Atlanta Braves,25,11,0.694
2026-05-04,2026,145,CWS,Chicago White Sox,17,18,0.486
2026-05-04,2026,146,MIA,Miami Marlins,16,19,0.457
2026-05-04,2026,147,NYY,New York Yankees,24,11,0.686
2026-05-04,2026,158,MIL,Milwaukee Brewers,18,16,0.529
2026-05-05,2026,108,LAA,Los Angeles Angels,14,23,0.378
2026-05-05,2026,109,ARI,Arizona Diamondbacks,17,17,0.5
2026-05-05,2026,110,BAL,Baltimore Orioles,16,20,0.444
2026-05-05,2026,111,BOS,Boston Red Sox,15,21,0.417
2026-05-05,2026,112,CHC,Chicago Cubs,24,12,0.667
2026-05-05,2026,113,CIN,Cincinnati Reds,20,16,0.556
2026-05-05,2026,114,CLE,Cleveland Guardians,18,19,0.486
2026-05-05,2026,115,COL,Colorado Rockies,14,22,0.389
2026-05-05,2026,116,DET,Detroit Tigers,18,19,0.486
2026-05-05,2026,117,HOU,Houston Astros,15,22,0.405
2026-05-05,2026,118,KC,Kansas City Royals,17,19,0.472
2026-05-05,2026,119,LAD,Los Angeles Dodgers,22,14,0.611
2026-05-05,2026,120,WSH,Washington Nationals,16,20,0.444
2026-05-05,2026,121,NYM,New York Mets,13,22,0.371
2026-05-05,2026,133,OAK,Athletics,18,17,0.514
2026-05-05,2026,134,PIT,Pittsburgh Pirates,19,17,0.528
2026-05-05,2026,135,SD,San Diego Padres,21,14,0.6
2026-05-05,2026,136,SEA,Seattle Mariners,17,20,0.459
2026-05-05,2026,137,SF,San Francisco Giants,14,22,0.389
2026-05-05,2026,138,STL,St. Louis Cardinals,21,14,0.6
2026-05-05,2026,139,TB,Tampa Bay Rays,23,12,0.657
2026-05-05,2026,140,TEX,Texas Rangers,16,19,0.457
2026-05-05,2026,141,TOR,Toronto Blue Jays,16,20,0.444
2026-05-05,2026,142,MIN,Minnesota Twins,16,20,0.444
2026-05-05,2026,143,PHI,Philadelphia Phillies,16,20,0.444
2026-05-05,2026,144,ATL,Atlanta Braves,26,11,0.703
2026-05-05,2026,145,CWS,Chicago White Sox,17,19,0.472
2026-05-05,2026,146,MIA,Miami Marlins,16,20,0.444
2026-05-05,2026,147,NYY,New York Yankees,25,11,0.694
2026-05-05,2026,158,MIL,Milwaukee Brewers,18,16,0.529
2026-05-06,2026,108,LAA,Los Angeles Angels,15,23,0.395
2026-05-06,2026,109,ARI,Arizona Diamondbacks,17,18,0.486
2026-05-06,2026,110,BAL,Baltimore Orioles,17,20,0.459
2026-05-06,2026,111,BOS,Boston Red Sox,16,21,0.432
2026-05-06,2026,112,CHC,Chicago Cubs,25,12,0.676
2026-05-06,2026,113,CIN,Cincinnati Reds,20,17,0.541
2026-05-06,2026,114,CLE,Cleveland Guardians,19,19,0.5
2026-05-06,2026,115,COL,Colorado Rockies,14,23,0.378
2026-05-06,2026,116,DET,Detroit Tigers,18,20,0.474
2026-05-06,2026,117,HOU,Houston Astros,15,23,0.395
2026-05-06,2026,118,KC,Kansas City Royals,17,20,0.459
2026-05-06,2026,119,LAD,Los Angeles Dodgers,23,14,0.622
2026-05-06,2026,120,WSH,Washington Nationals,17,20,0.459
2026-05-06,2026,121,NYM,New York Mets,14,22,0.389
2026-05-06,2026,133,OAK,Athletics,18,18,0.5
2026-05-06,2026,134,PIT,Pittsburgh Pirates,20,17,0.541
2026-05-06,2026,135,SD,San Diego Padres,22,14,0.611
2026-05-06,2026,136,SEA,Seattle Mariners,18,20,0.474
2026-05-06,2026,137,SF,San Francisco Giants,14,23,0.378
2026-05-06,2026,138,STL,St. Louis Cardinals,21,15,0.583
2026-05-06,2026,139,TB,Tampa Bay Rays,24,12,0.667
2026-05-06,2026,140,TEX,Texas Rangers,17,19,0.472
2026-05-06,2026,141,TOR,Toronto Blue Jays,16,21,0.432
2026-05-06,2026,142,MIN,Minnesota Twins,16,21,0.432
2026-05-06,2026,143,PHI,Philadelphia Phillies,17,20,0.459
2026-05-06,2026,144,ATL,Atlanta Braves,26,12,0.684
2026-05-06,2026,145,CWS,Chicago White Sox,17,20,0.459
2026-05-06,2026,146,MIA,Miami Marlins,16,21,0.432
2026-05-06,2026,147,NYY,New York Yankees,25,12,0.676
2026-05-06,2026,158,MIL,Milwaukee Brewers,19,16,0.543
2026-05-07,2026,108,LAA,Los Angeles Angels,15,23,0.395
2026-05-07,2026,109,ARI,Arizona Diamondbacks,17,19,0.472
2026-05-07,2026,110,BAL,Baltimore Orioles,17,21,0.447
2026-05-07,2026,111,BOS,Boston Red Sox,16,22,0.421
2026-05-07,2026,112,CHC,Chicago Cubs,26,12,0.684
2026-05-07,2026,113,CIN,Cincinnati Reds,20,18,0.526
2026-05-07,2026,114,CLE,Cleveland Guardians,20,19,0.513
2026-05-07,2026,115,COL,Colorado Rockies,15,23,0.395
2026-05-07,2026,116,DET,Detroit Tigers,18,20,0.474
2026-05-07,2026,117,HOU,Houston Astros,15,23,0.395
2026-05-07,2026,118,KC,Kansas City Royals,17,21,0.447
2026-05-07,2026,119,LAD,Los Angeles Dodgers,23,14,0.622
2026-05-07,2026,120,WSH,Washington Nationals,18,20,0.474
2026-05-07,2026,121,NYM,New York Mets,14,23,0.378
2026-05-07,2026,133,OAK,Athletics,19,18,0.514
2026-05-07,2026,134,PIT,Pittsburgh Pirates,21,17,0.553
2026-05-07,2026,135,SD,San Diego Padres,22,15,0.595
2026-05-07,2026,136,SEA,Seattle Mariners,18,20,0.474
2026-05-07,2026,137,SF,San Francisco Giants,14,23,0.378
2026-05-07,2026,138,STL,St. Louis Cardinals,22,15,0.595
2026-05-07,2026,139,TB,Tampa Bay Rays,25,12,0.676
2026-05-07,2026,140,TEX,Texas Rangers,17,20,0.459
2026-05-07,2026,141,TOR,Toronto Blue Jays,16,21,0.432
2026-05-07,2026,142,MIN,Minnesota Twins,16,22,0.421
2026-05-07,2026,143,PHI,Philadelphia Phillies,17,21,0.447
2026-05-07,2026,144,ATL,Atlanta Braves,26,12,0.684
2026-05-07,2026,145,CWS,Chicago White Sox,17,20,0.459
2026-05-07,2026,146,MIA,Miami Marlins,17,21,0.447
2026-05-07,2026,147,NYY,New York Yankees,26,12,0.684
2026-05-07,2026,158,MIL,Milwaukee Brewers,19,16,0.543
2026-05-08,2026,108,LAA,Los Angeles Angels,15,24,0.385
2026-05-08,2026,109,ARI,Arizona Diamondbacks,17,20,0.459
2026-05-08,2026,110,BAL,Baltimore Orioles,17,22,0.436
2026-05-08,2026,111,BOS,Boston Red Sox,17,22,0.436
2026-05-08,2026,112,CHC,Chicago Cubs,27,12,0.692
2026-05-08,2026,113,CIN,Cincinnati Reds,20,19,0.513
2026-05-08,2026,114,CLE,Cleveland Guardians,21,19,0.525
2026-05-08,2026,115,COL,Colorado Rockies,16,23,0.41
2026-05-08,2026,116,DET,Detroit Tigers,18,21,0.462
2026-05-08,2026,117,HOU,Houston Astros,16,23,0.41
2026-05-08,2026,118,KC,Kansas City Royals,18,21,0.462
2026-05-08,2026,119,LAD,Los Angeles Dodgers,24,14,0.632
2026-05-08,2026,120,WSH,Washington Nationals,19,20,0.487
2026-05-08,2026,121,NYM,New York Mets,15,23,0.395
2026-05-08,2026,133,OAK,Athletics,20,18,0.526
2026-05-08,2026,134,PIT,Pittsburgh Pirates,21,18,0.538
2026-05-08,2026,135,SD,San Diego Padres,22,16,0.579
2026-05-08,2026,136,SEA,Seattle Mariners,19,20,0.487
2026-05-08,2026,137,SF,San Francisco Giants,15,23,0.395
2026-05-08,2026,138,STL,St. Louis Cardinals,23,15,0.605
2026-05-08,2026,139,TB,Tampa Bay Rays,25,13,0.658
2026-05-08,2026,140,TEX,Texas Rangers,17,21,0.447
2026-05-08,2026,141,TOR,Toronto Blue Jays,17,21,0.447
2026-05-08,2026,142,MIN,Minnesota Twins,16,23,0.41
2026-05-08,2026,143,PHI,Philadelphia Phillies,17,22,0.436
2026-05-08,2026,144,ATL,Atlanta Braves,26,13,0.667
2026-05-08,2026,145,CWS,Chicago White Sox,17,21,0.447
2026-05-08,2026,146,MIA,Miami Marlins,17,22,0.436
2026-05-08,2026,147,NYY,New York Yankees,26,13,0.667
2026-05-08,2026,158,MIL,Milwaukee Brewers,20,16,0.556
2026-05-09,2026,108,LAA,Los Angeles Angels,15,25,0.375
2026-05-09,2026,109,ARI,Arizona Diamondbacks,18,20,0.474
2026-05-09,2026,110,BAL,Baltimore Orioles,17,23,0.425
2026-05-09,2026,111,BOS,Boston Red Sox,17,22,0.436
2026-05-09,2026,112,CHC,Chicago Cubs,27,13,0.675
2026-05-09,2026,113,CIN,Cincinnati Reds,21,19,0.525
2026-05-09,2026,114,CLE,Cleveland Guardians,21,20,0.512
2026-05-09,2026,115,COL,Colorado Rockies,16,24,0.4
2026-05-09,2026,116,DET,Detroit Tigers,18,22,0.45
2026-05-09,2026,117,HOU,Houston Astros,16,24,0.4
2026-05-09,2026,118,KC,Kansas City Royals,19,21,0.475
2026-05-09,2026,119,LAD,Los Angeles Dodgers,24,15,0.615
2026-05-09,2026,120,WSH,Washington Nationals,19,21,0.475
2026-05-09,2026,121,NYM,New York Mets,15,24,0.385
2026-05-09,2026,133,OAK,Athletics,21,18,0.538
2026-05-09,2026,134,PIT,Pittsburgh Pirates,22,18,0.55
2026-05-09,2026,135,SD,San Diego Padres,23,16,0.59
2026-05-09,2026,136,SEA,Seattle Mariners,19,21,0.475
2026-05-09,2026,137,SF,San Francisco Giants,15,24,0.385
2026-05-09,2026,138,STL,St. Louis Cardinals,23,16,0.59
2026-05-09,2026,139,TB,Tampa Bay Rays,25,13,0.658
2026-05-09,2026,140,TEX,Texas Rangers,18,21,0.462
2026-05-09,2026,141,TOR,Toronto Blue Jays,18,21,0.462
2026-05-09,2026,142,MIN,Minnesota Twins,17,23,0.425
2026-05-09,2026,143,PHI,Philadelphia Phillies,18,22,0.45
2026-05-09,2026,144,ATL,Atlanta Braves,27,13,0.675
2026-05-09,2026,145,CWS,Chicago White Sox,18,21,0.462
2026-05-09,2026,146,MIA,Miami Marlins,18,22,0.45
2026-05-09,2026,147,NYY,New York Yankees,26,14,0.65
2026-05-09,2026,158,MIL,Milwaukee Brewers,21,16,0.568
2026-05-10,2026,108,LAA,Los Angeles Angels,16,25,0.39
2026-05-10,2026,109,ARI,Arizona Diamondbacks,19,20,0.487
2026-05-10,2026,110,BAL,Baltimore Orioles,18,23,0.439
2026-05-10,2026,111,BOS,Boston Red Sox,17,23,0.425
2026-05-10,2026,112,CHC,Chicago Cubs,27,14,0.659
2026-05-10,2026,113,CIN,Cincinnati Reds,22,19,0.537
2026-05-10,2026,114,CLE,Cleveland Guardians,21,21,0.5
2026-05-10,2026,115,COL,Colorado Rockies,16,25,0.39
2026-05-10,2026,116,DET,Detroit Tigers,19,22,0.463
2026-05-10,2026,117,HOU,Houston Astros,16,25,0.39
2026-05-10,2026,118,KC,Kansas City Royals,19,22,0.463
2026-05-10,2026,119,LAD,Los Angeles Dodgers,24,16,0.6
2026-05-10,2026,120,WSH,Washington Nationals,19,22,0.463
2026-05-10,2026,121,NYM,New York Mets,15,25,0.375
2026-05-10,2026,133,OAK,Athletics,21,19,0.525
2026-05-10,2026,134,PIT,Pittsburgh Pirates,22,19,0.537
2026-05-10,2026,135,SD,San Diego Padres,24,16,0.6
2026-05-10,2026,136,SEA,Seattle Mariners,19,22,0.463
2026-05-10,2026,137,SF,San Francisco Giants,16,24,0.4
2026-05-10,2026,138,STL,St. Louis Cardinals,23,17,0.575
2026-05-10,2026,139,TB,Tampa Bay Rays,26,13,0.667
2026-05-10,2026,140,TEX,Texas Rangers,19,21,0.475
2026-05-10,2026,141,TOR,Toronto Blue Jays,18,22,0.45
2026-05-10,2026,142,MIN,Minnesota Twins,18,23,0.439
2026-05-10,2026,143,PHI,Philadelphia Phillies,19,22,0.463
2026-05-10,2026,144,ATL,Atlanta Braves,28,13,0.683
2026-05-10,2026,145,CWS,Chicago White Sox,19,21,0.475
2026-05-10,2026,146,MIA,Miami Marlins,19,22,0.463
2026-05-10,2026,147,NYY,New York Yankees,26,15,0.634
2026-05-10,2026,158,MIL,Milwaukee Brewers,22,16,0.579
2026-05-11,2026,108,LAA,Los Angeles Angels,16,26,0.381
2026-05-11,2026,109,ARI,Arizona Diamondbacks,20,20,0.5
2026-05-11,2026,110,BAL,Baltimore Orioles,19,23,0.452
2026-05-11,2026,111,BOS,Boston Red Sox,17,23,0.425
2026-05-11,2026,112,CHC,Chicago Cubs,27,14,0.659
2026-05-11,2026,113,CIN,Cincinnati Reds,22,19,0.537
2026-05-11,2026,114,CLE,Cleveland Guardians,22,21,0.512
2026-05-11,2026,115,COL,Colorado Rockies,16,25,0.39
2026-05-11,2026,116,DET,Detroit Tigers,19,22,0.463
2026-05-11,2026,117,HOU,Houston Astros,16,26,0.381
2026-05-11,2026,118,KC,Kansas City Royals,19,22,0.463
2026-05-11,2026,119,LAD,Los Angeles Dodgers,24,17,0.585
2026-05-11,2026,120,WSH,Washington Nationals,19,22,0.463
2026-05-11,2026,121,NYM,New York Mets,15,25,0.375
2026-05-11,2026,133,OAK,Athletics,21,19,0.525
2026-05-11,2026,134,PIT,Pittsburgh Pirates,22,19,0.537
2026-05-11,2026,135,SD,San Diego Padres,24,16,0.6
2026-05-11,2026,136,SEA,Seattle Mariners,20,22,0.476
2026-05-11,2026,137,SF,San Francisco Giants,17,24,0.415
2026-05-11,2026,138,STL,St. Louis Cardinals,23,17,0.575
2026-05-11,2026,139,TB,Tampa Bay Rays,27,13,0.675
2026-05-11,2026,140,TEX,Texas Rangers,19,22,0.463
2026-05-11,2026,141,TOR,Toronto Blue Jays,18,23,0.439
2026-05-11,2026,142,MIN,Minnesota Twins,18,23,0.439
2026-05-11,2026,143,PHI,Philadelphia Phillies,19,22,0.463
2026-05-11,2026,144,ATL,Atlanta Braves,28,13,0.683
2026-05-11,2026,145,CWS,Chicago White Sox,19,21,0.475
2026-05-11,2026,146,MIA,Miami Marlins,19,22,0.463
2026-05-11,2026,147,NYY,New York Yankees,26,16,0.619
2026-05-11,2026,158,MIL,Milwaukee Brewers,22,16,0.579
2026-05-12,2026,108,LAA,Los Angeles Angels,16,26,0.381
2026-05-12,2026,109,ARI,Arizona Diamondbacks,20,20,0.5
2026-05-12,2026,110,BAL,Baltimore Orioles,19,23,0.452
2026-05-12,2026,111,BOS,Boston Red Sox,17,23,0.425
2026-05-12,2026,112,CHC,Chicago Cubs,27,14,0.659
2026-05-12,2026,113,CIN,Cincinnati Reds,22,19,0.537
2026-05-12,2026,114,CLE,Cleveland Guardians,22,21,0.512
2026-05-12,2026,115,COL,Colorado Rockies,16,25,0.39
2026-05-12,2026,116,DET,Detroit Tigers,19,22,0.463
2026-05-12,2026,117,HOU,Houston Astros,16,26,0.381
2026-05-12,2026,118,KC,Kansas City Royals,19,22,0.463
2026-05-12,2026,119,LAD,Los Angeles Dodgers,24,17,0.585
2026-05-12,2026,120,WSH,Washington Nationals,19,22,0.463
2026-05-12,2026,121,NYM,New York Mets,15,25,0.375
2026-05-12,2026,133,OAK,Athletics,21,19,0.525
2026-05-12,2026,134,PIT,Pittsburgh Pirates,22,19,0.537
2026-05-12,2026,135,SD,San Diego Padres,24,16,0.6
2026-05-12,2026,136,SEA,Seattle Mariners,20,22,0.476
2026-05-12,2026,137,SF,San Francisco Giants,17,24,0.415
2026-05-12,2026,138,STL,St. Louis Cardinals,23,17,0.575
2026-05-12,2026,139,TB,Tampa Bay Rays,27,13,0.675
2026-05-12,2026,140,TEX,Texas Rangers,19,22,0.463
2026-05-12,2026,141,TOR,Toronto Blue Jays,18,23,0.439
2026-05-12,2026,142,MIN,Minnesota Twins,18,23,0.439
2026-05-12,2026,143,PHI,Philadelphia Phillies,19,22,0.463
2026-05-12,2026,144,ATL,Atlanta Braves,28,13,0.683
2026-05-12,2026,145,CWS,Chicago White Sox,19,21,0.475
2026-05-12,2026,146,MIA,Miami Marlins,19,22,0.463
2026-05-12,2026,147,NYY,New York Yankees,26,16,0.619
2026-05-12,2026,158,MIL,Milwaukee Brewers,22,16,0.579
2026-05-13,2026,108,LAA,Los Angeles Angels,16,27,0.372
2026-05-13,2026,109,ARI,Arizona Diamondbacks,20,21,0.488
2026-05-13,2026,110,BAL,Baltimore Orioles,19,24,0.442
2026-05-13,2026,111,BOS,Boston Red Sox,17,24,0.415
2026-05-13,2026,112,CHC,Chicago Cubs,27,15,0.643
2026-05-13,2026,113,CIN,Cincinnati Reds,22,20,0.524
2026-05-13,2026,114,CLE,Cleveland Guardians,23,21,0.523
2026-05-13,2026,115,COL,Colorado Rockies,16,26,0.381
2026-05-13,2026,116,DET,Detroit Tigers,19,23,0.452
2026-05-13,2026,117,HOU,Houston Astros,16,27,0.372
2026-05-13,2026,118,KC,Kansas City Royals,19,23,0.452
2026-05-13,2026,119,LAD,Los Angeles Dodgers,24,18,0.571
2026-05-13,2026,120,WSH,Washington Nationals,20,22,0.476
2026-05-13,2026,121,NYM,New York Mets,16,25,0.39
2026-05-13,2026,133,OAK,Athletics,21,20,0.512
2026-05-13,2026,134,PIT,Pittsburgh Pirates,23,19,0.548
2026-05-13,2026,135,SD,San Diego Padres,24,17,0.585
2026-05-13,2026,136,SEA,Seattle Mariners,21,22,0.488
2026-05-13,2026,137,SF,San Francisco Giants,18,24,0.429
2026-05-13,2026,138,STL,St. Louis Cardinals,24,17,0.585
2026-05-13,2026,139,TB,Tampa Bay Rays,28,13,0.683
2026-05-13,2026,140,TEX,Texas Rangers,20,22,0.476
2026-05-13,2026,141,TOR,Toronto Blue Jays,18,24,0.429
2026-05-13,2026,142,MIN,Minnesota Twins,19,23,0.452
2026-05-13,2026,143,PHI,Philadelphia Phillies,20,22,0.476
2026-05-13,2026,144,ATL,Atlanta Braves,29,13,0.69
2026-05-13,2026,145,CWS,Chicago White Sox,20,21,0.488
2026-05-13,2026,146,MIA,Miami Marlins,19,23,0.452
2026-05-13,2026,147,NYY,New York Yankees,27,16,0.628
2026-05-13,2026,158,MIL,Milwaukee Brewers,23,16,0.59
2026-05-14,2026,108,LAA,Los Angeles Angels,16,28,0.364
2026-05-14,2026,109,ARI,Arizona Diamondbacks,20,22,0.476
2026-05-14,2026,110,BAL,Baltimore Orioles,20,24,0.455
2026-05-14,2026,111,BOS,Boston Red Sox,18,24,0.429
2026-05-14,2026,112,CHC,Chicago Cubs,27,16,0.628
2026-05-14,2026,113,CIN,Cincinnati Reds,22,21,0.512
2026-05-14,2026,114,CLE,Cleveland Guardians,24,21,0.533
2026-05-14,2026,115,COL,Colorado Rockies,17,26,0.395
2026-05-14,2026,116,DET,Detroit Tigers,19,24,0.442
2026-05-14,2026,117,HOU,Houston Astros,17,27,0.386
2026-05-14,2026,118,KC,Kansas City Royals,19,24,0.442
2026-05-14,2026,119,LAD,Los Angeles Dodgers,25,18,0.581
2026-05-14,2026,120,WSH,Washington Nationals,21,22,0.488
2026-05-14,2026,121,NYM,New York Mets,17,25,0.405
2026-05-14,2026,133,OAK,Athletics,22,20,0.524
2026-05-14,2026,134,PIT,Pittsburgh Pirates,23,20,0.535
2026-05-14,2026,135,SD,San Diego Padres,25,17,0.595
2026-05-14,2026,136,SEA,Seattle Mariners,21,23,0.477
2026-05-14,2026,137,SF,San Francisco Giants,18,25,0.419
2026-05-14,2026,138,STL,St. Louis Cardinals,24,18,0.571
2026-05-14,2026,139,TB,Tampa Bay Rays,28,14,0.667
2026-05-14,2026,140,TEX,Texas Rangers,21,22,0.488
2026-05-14,2026,141,TOR,Toronto Blue Jays,19,24,0.442
2026-05-14,2026,142,MIN,Minnesota Twins,19,24,0.442
2026-05-14,2026,143,PHI,Philadelphia Phillies,20,23,0.465
2026-05-14,2026,144,ATL,Atlanta Braves,30,13,0.698
2026-05-14,2026,145,CWS,Chicago White Sox,21,21,0.5
2026-05-14,2026,146,MIA,Miami Marlins,20,23,0.465
2026-05-14,2026,147,NYY,New York Yankees,27,17,0.614
2026-05-14,2026,158,MIL,Milwaukee Brewers,23,17,0.575
2026-05-15,2026,108,LAA,Los Angeles Angels,16,28,0.364
2026-05-15,2026,109,ARI,Arizona Diamondbacks,20,22,0.476
2026-05-15,2026,110,BAL,Baltimore Orioles,20,24,0.455
2026-05-15,2026,111,BOS,Boston Red Sox,18,25,0.419
2026-05-15,2026,112,CHC,Chicago Cubs,28,16,0.636
2026-05-15,2026,113,CIN,Cincinnati Reds,23,21,0.523
2026-05-15,2026,114,CLE,Cleveland Guardians,24,21,0.533
2026-05-15,2026,115,COL,Colorado Rockies,17,27,0.386
2026-05-15,2026,116,DET,Detroit Tigers,19,25,0.432
2026-05-15,2026,117,HOU,Houston Astros,17,28,0.378
2026-05-15,2026,118,KC,Kansas City Royals,19,25,0.432
2026-05-15,2026,119,LAD,Los Angeles Dodgers,26,18,0.591
2026-05-15,2026,120,WSH,Washington Nationals,21,23,0.477
2026-05-15,2026,121,NYM,New York Mets,18,25,0.419
2026-05-15,2026,133,OAK,Athletics,22,21,0.512
2026-05-15,2026,134,PIT,Pittsburgh Pirates,24,20,0.545
2026-05-15,2026,135,SD,San Diego Padres,25,18,0.581
2026-05-15,2026,136,SEA,Seattle Mariners,22,23,0.489
2026-05-15,2026,137,SF,San Francisco Giants,18,26,0.409
2026-05-15,2026,138,STL,St. Louis Cardinals,25,18,0.581
2026-05-15,2026,139,TB,Tampa Bay Rays,28,14,0.667
2026-05-15,2026,140,TEX,Texas Rangers,21,22,0.488
2026-05-15,2026,141,TOR,Toronto Blue Jays,19,24,0.442
2026-05-15,2026,142,MIN,Minnesota Twins,20,24,0.455
2026-05-15,2026,143,PHI,Philadelphia Phillies,21,23,0.477
2026-05-15,2026,144,ATL,Atlanta Braves,30,14,0.682
2026-05-15,2026,145,CWS,Chicago White Sox,22,21,0.512
2026-05-15,2026,146,MIA,Miami Marlins,20,24,0.455
2026-05-15,2026,147,NYY,New York Yankees,27,17,0.614
2026-05-15,2026,158,MIL,Milwaukee Brewers,24,17,0.585
2026-05-16,2026,108,LAA,Los Angeles Angels,16,29,0.356
2026-05-16,2026,109,ARI,Arizona Diamondbacks,21,22,0.488
2026-05-16,2026,110,BAL,Baltimore Orioles,20,25,0.444
2026-05-16,2026,111,BOS,Boston Red Sox,18,26,0.409
2026-05-16,2026,112,CHC,Chicago Cubs,29,16,0.644
2026-05-16,2026,113,CIN,Cincinnati Reds,24,21,0.533
2026-05-16,2026,114,CLE,Cleveland Guardians,24,22,0.522
2026-05-16,2026,115,COL,Colorado Rockies,17,28,0.378
2026-05-16,2026,116,DET,Detroit Tigers,20,25,0.444
2026-05-16,2026,117,HOU,Houston Astros,18,28,0.391
2026-05-16,2026,118,KC,Kansas City Royals,19,26,0.422
2026-05-16,2026,119,LAD,Los Angeles Dodgers,27,18,0.6
2026-05-16,2026,120,WSH,Washington Nationals,22,23,0.489
2026-05-16,2026,121,NYM,New York Mets,18,26,0.409
2026-05-16,2026,133,OAK,Athletics,23,21,0.523
2026-05-16,2026,134,PIT,Pittsburgh Pirates,24,21,0.533
2026-05-16,2026,135,SD,San Diego Padres,26,18,0.591
2026-05-16,2026,136,SEA,Seattle Mariners,22,24,0.478
2026-05-16,2026,137,SF,San Francisco Giants,18,27,0.4
2026-05-16,2026,138,STL,St. Louis Cardinals,26,18,0.591
2026-05-16,2026,139,TB,Tampa Bay Rays,29,14,0.674
2026-05-16,2026,140,TEX,Texas Rangers,21,23,0.477
2026-05-16,2026,141,TOR,Toronto Blue Jays,19,25,0.432
2026-05-16,2026,142,MIN,Minnesota Twins,20,25,0.444
2026-05-16,2026,143,PHI,Philadelphia Phillies,22,23,0.489
2026-05-16,2026,144,ATL,Atlanta Braves,31,14,0.689
2026-05-16,2026,145,CWS,Chicago White Sox,22,22,0.5
2026-05-16,2026,146,MIA,Miami Marlins,20,25,0.444
2026-05-16,2026,147,NYY,New York Yankees,28,17,0.622
2026-05-16,2026,158,MIL,Milwaukee Brewers,25,17,0.595
2026-05-17,2026,108,LAA,Los Angeles Angels,16,30,0.348
2026-05-17,2026,109,ARI,Arizona Diamondbacks,21,23,0.477
2026-05-17,2026,110,BAL,Baltimore Orioles,20,26,0.435
2026-05-17,2026,111,BOS,Boston Red Sox,19,26,0.422
2026-05-17,2026,112,CHC,Chicago Cubs,29,17,0.63
2026-05-17,2026,113,CIN,Cincinnati Reds,24,22,0.522
2026-05-17,2026,114,CLE,Cleveland Guardians,25,22,0.532
2026-05-17,2026,115,COL,Colorado Rockies,18,28,0.391
2026-05-17,2026,116,DET,Detroit Tigers,20,26,0.435
2026-05-17,2026,117,HOU,Houston Astros,19,28,0.404
2026-05-17,2026,118,KC,Kansas City Royals,19,27,0.413
2026-05-17,2026,119,LAD,Los Angeles Dodgers,28,18,0.609
2026-05-17,2026,120,WSH,Washington Nationals,23,23,0.5
2026-05-17,2026,121,NYM,New York Mets,19,26,0.422
2026-05-17,2026,133,OAK,Athletics,23,22,0.511
2026-05-17,2026,134,PIT,Pittsburgh Pirates,24,22,0.522
2026-05-17,2026,135,SD,San Diego Padres,27,18,0.6
2026-05-17,2026,136,SEA,Seattle Mariners,22,25,0.468
2026-05-17,2026,137,SF,San Francisco Giants,19,27,0.413
2026-05-17,2026,138,STL,St. Louis Cardinals,27,18,0.6
2026-05-17,2026,139,TB,Tampa Bay Rays,29,15,0.659
2026-05-17,2026,140,TEX,Texas Rangers,21,24,0.467
2026-05-17,2026,141,TOR,Toronto Blue Jays,20,25,0.444
2026-05-17,2026,142,MIN,Minnesota Twins,20,26,0.435
2026-05-17,2026,143,PHI,Philadelphia Phillies,23,23,0.5
2026-05-17,2026,144,ATL,Atlanta Braves,31,15,0.674
2026-05-17,2026,145,CWS,Chicago White Sox,23,22,0.511
2026-05-17,2026,146,MIA,Miami Marlins,21,25,0.457
2026-05-17,2026,147,NYY,New York Yankees,28,18,0.609
2026-05-17,2026,158,MIL,Milwaukee Brewers,26,17,0.605
2026-05-18,2026,108,LAA,Los Angeles Angels,16,31,0.34
2026-05-18,2026,109,ARI,Arizona Diamondbacks,22,23,0.489
2026-05-18,2026,110,BAL,Baltimore Orioles,21,26,0.447
2026-05-18,2026,111,BOS,Boston Red Sox,19,27,0.413
2026-05-18,2026,112,CHC,Chicago Cubs,29,18,0.617
2026-05-18,2026,113,CIN,Cincinnati Reds,24,23,0.511
2026-05-18,2026,114,CLE,Cleveland Guardians,26,22,0.542
2026-05-18,2026,115,COL,Colorado Rockies,18,29,0.383
2026-05-18,2026,116,DET,Detroit Tigers,20,27,0.426
2026-05-18,2026,117,HOU,Houston Astros,19,29,0.396
2026-05-18,2026,118,KC,Kansas City Royals,20,27,0.426
2026-05-18,2026,119,LAD,Los Angeles Dodgers,29,18,0.617
2026-05-18,2026,120,WSH,Washington Nationals,23,24,0.489
2026-05-18,2026,121,NYM,New York Mets,20,26,0.435
2026-05-18,2026,133,OAK,Athletics,23,23,0.5
2026-05-18,2026,134,PIT,Pittsburgh Pirates,24,23,0.511
2026-05-18,2026,135,SD,San Diego Padres,28,18,0.609
2026-05-18,2026,136,SEA,Seattle Mariners,22,26,0.458
2026-05-18,2026,137,SF,San Francisco Giants,20,27,0.426
2026-05-18,2026,138,STL,St. Louis Cardinals,27,19,0.587
2026-05-18,2026,139,TB,Tampa Bay Rays,30,15,0.667
2026-05-18,2026,140,TEX,Texas Rangers,22,24,0.478
2026-05-18,2026,141,TOR,Toronto Blue Jays,21,25,0.457
2026-05-18,2026,142,MIN,Minnesota Twins,21,26,0.447
2026-05-18,2026,143,PHI,Philadelphia Phillies,24,23,0.511
2026-05-18,2026,144,ATL,Atlanta Braves,32,15,0.681
2026-05-18,2026,145,CWS,Chicago White Sox,24,22,0.522
2026-05-18,2026,146,MIA,Miami Marlins,21,26,0.447
2026-05-18,2026,147,NYY,New York Yankees,28,19,0.596
2026-05-18,2026,158,MIL,Milwaukee Brewers,26,18,0.591
2026-05-19,2026,108,LAA,Los Angeles Angels,17,31,0.354
2026-05-19,2026,109,ARI,Arizona Diamondbacks,23,23,0.5
2026-05-19,2026,110,BAL,Baltimore Orioles,21,27,0.438
2026-05-19,2026,111,BOS,Boston Red Sox,20,27,0.426
2026-05-19,2026,112,CHC,Chicago Cubs,29,19,0.604
2026-05-19,2026,113,CIN,Cincinnati Reds,24,24,0.5
2026-05-19,2026,114,CLE,Cleveland Guardians,27,22,0.551
2026-05-19,2026,115,COL,Colorado Rockies,19,29,0.396
2026-05-19,2026,116,DET,Detroit Tigers,20,28,0.417
2026-05-19,2026,117,HOU,Houston Astros,19,30,0.388
2026-05-19,2026,118,KC,Kansas City Royals,20,28,0.417
2026-05-19,2026,119,LAD,Los Angeles Dodgers,29,19,0.604
2026-05-19,2026,120,WSH,Washington Nationals,23,25,0.479
2026-05-19,2026,121,NYM,New York Mets,21,26,0.447
2026-05-19,2026,133,OAK,Athletics,23,24,0.489
2026-05-19,2026,134,PIT,Pittsburgh Pirates,24,23,0.511
2026-05-19,2026,135,SD,San Diego Padres,29,18,0.617
2026-05-19,2026,136,SEA,Seattle Mariners,23,26,0.469
2026-05-19,2026,137,SF,San Francisco Giants,20,28,0.417
2026-05-19,2026,138,STL,St. Louis Cardinals,27,19,0.587
2026-05-19,2026,139,TB,Tampa Bay Rays,31,15,0.674
2026-05-19,2026,140,TEX,Texas Rangers,22,25,0.468
2026-05-19,2026,141,TOR,Toronto Blue Jays,21,26,0.447
2026-05-19,2026,142,MIN,Minnesota Twins,22,26,0.458
2026-05-19,2026,143,PHI,Philadelphia Phillies,25,23,0.521
2026-05-19,2026,144,ATL,Atlanta Braves,32,16,0.667
2026-05-19,2026,145,CWS,Chicago White Sox,24,23,0.511
2026-05-19,2026,146,MIA,Miami Marlins,22,26,0.458
2026-05-19,2026,147,NYY,New York Yankees,29,19,0.604
2026-05-19,2026,158,MIL,Milwaukee Brewers,27,18,0.6
2026-05-20,2026,108,LAA,Los Angeles Angels,17,32,0.347
2026-05-20,2026,109,ARI,Arizona Diamondbacks,24,23,0.511
2026-05-20,2026,110,BAL,Baltimore Orioles,21,28,0.429
2026-05-20,2026,111,BOS,Boston Red Sox,21,27,0.438
2026-05-20,2026,112,CHC,Chicago Cubs,29,20,0.592
2026-05-20,2026,113,CIN,Cincinnati Reds,25,24,0.51
2026-05-20,2026,114,CLE,Cleveland Guardians,28,22,0.56
2026-05-20,2026,115,COL,Colorado Rockies,19,30,0.388
2026-05-20,2026,116,DET,Detroit Tigers,20,29,0.408
2026-05-20,2026,117,HOU,Houston Astros,20,30,0.4
2026-05-20,2026,118,KC,Kansas City Royals,20,29,0.408
2026-05-20,2026,119,LAD,Los Angeles Dodgers,30,19,0.612
2026-05-20,2026,120,WSH,Washington Nationals,24,25,0.49
2026-05-20,2026,121,NYM,New York Mets,21,27,0.438
2026-05-20,2026,133,OAK,Athletics,24,24,0.5
2026-05-20,2026,134,PIT,Pittsburgh Pirates,24,24,0.5
2026-05-20,2026,135,SD,San Diego Padres,29,19,0.604
2026-05-20,2026,136,SEA,Seattle Mariners,23,27,0.46
2026-05-20,2026,137,SF,San Francisco Giants,20,29,0.408
2026-05-20,2026,138,STL,St. Louis Cardinals,28,19,0.596
2026-05-20,2026,139,TB,Tampa Bay Rays,32,15,0.681
2026-05-20,2026,140,TEX,Texas Rangers,23,25,0.479
2026-05-20,2026,141,TOR,Toronto Blue Jays,21,27,0.438
2026-05-20,2026,142,MIN,Minnesota Twins,22,27,0.449
2026-05-20,2026,143,PHI,Philadelphia Phillies,25,24,0.51
2026-05-20,2026,144,ATL,Atlanta Braves,33,16,0.673
2026-05-20,2026,145,CWS,Chicago White Sox,25,23,0.521
2026-05-20,2026,146,MIA,Miami Marlins,22,27,0.449
2026-05-20,2026,147,NYY,New York Yankees,30,19,0.612
2026-05-20,2026,158,MIL,Milwaukee Brewers,28,18,0.609
